Company, Symbol, Current Value, Current Change, Open, Previous Close, Day's Range, 52 Week Range, P/E Ratio, Volume 
3M Company, MMM,158.15, -1.06(-0.67%),161.35,159.21, 156.47-162.09, 114.04-187.72,18.56,6402159
Abbott Laboratories, ABT,90.68, +0.40(+0.44%),91.67,90.28, 90.61-92.40, 61.61-100.00,45.54,9451061
AbbVie Inc., ABBV,96.71, +0.48(+0.50%),97.72,96.23, 95.75-98.20, 62.55-99.35,17.12,9153887
Abiomed  Inc., ABMD,257.09, +3.73(+1.47%),254.22,253.36, 250.92-260.45, 119.01-285.77,58.03,766469
Accenture plc, ACN,201.55, -1.38(-0.68%),207.54,202.93, 201.52-208.29, 137.15-216.39,26.29,3709672
Activision Blizzard  Inc., ATVI,76.58, +0.57(+0.75%),76.18,76.01, 75.09-76.75, 44.81-76.75,37.89,10385245
Adobe Inc., ADBE,428.01, +7.55(+1.80%),423.76,420.46, 419.65-429.25, 255.13-429.27,56.48,3931569
Advanced Micro Devices  Inc., AMD,54.23, +0.19(+0.35%),54.41,54.04, 53.81-55.46, 27.43-59.27,127.3,52801461
Advance Auto Parts  Inc., AAP,144.9, -2.81(-1.90%),150.47,147.71, 144.78-150.57, 71.33-171.43,26.34,981498
The AES Corporation, AES,13.34, -0.10(-0.74%),13.71,13.44, 13.31-13.91, 8.11-21.23,30.25,11285496
Aflac Incorporated, AFL,36.6, -0.51(-1.37%),37.88,37.11, 36.17-37.95, 23.07-57.18,9.19,7666022
Agilent Technologies  Inc., A,88.73, +0.52(+0.59%),89.41,88.21, 87.76-89.79, 61.13-93.04,40.72,1780935
Air Products and Chemicals  Inc., APD,235.51, -2.60(-1.09%),241.95,238.11, 235.39-241.95, 167.43-257.01,26.9,1384881
Akamai Technologies  Inc., AKAM,100.47, -0.22(-0.22%),101.9,100.69, 100.05-102.67, 75.18-108.25,33.49,2825139
Alaska Air Group  Inc., ALK,36.29, -1.16(-3.10%),38.33,37.45, 35.51-38.35, 20.02-72.22,8.43,3657818
Albemarle Corporation, ALB,78.35, -0.46(-0.58%),80.22,78.81, 77.63-80.97, 48.89-99.40,16.43,1242979
Alexandria Real Estate Equities  Inc., ARE,165.84, -4.40(-2.58%),173.12,170.24, 165.36-173.26, 109.22-175.74,78.04,5594392
Alexion Pharmaceuticals  Inc., ALXN,119.35, +3.03(+2.60%),116.95,116.32, 116.20-119.52, 72.67-134.84,11.27,2807882
Align Technology  Inc., ALGN,260.91, -3.70(-1.40%),269.06,264.61, 257.05-271.06, 127.88-301.65,11,1003970
Allegion plc, ALLE,102.74, -0.25(-0.24%),104.99,102.99, 101.91-104.99, 77.37-139.24,29.93,963844
Alliance Data Systems Corporation, ADS,47.4, -1.38(-2.83%),50.45,48.78, 46.82-50.54, 20.51-159.41,15.44,6428730
Alliant Energy Corporation, LNT,47.99, -1.04(-2.12%),49.77,49.03, 47.86-49.77, 37.66-60.28,19.19,3876365
The Allstate Corporation, ALL,98.73, -0.02(-0.02%),101,98.75, 97.51-101.00, 64.13-125.92,8.28,3632922
Alphabet Inc., GOOGL,1424.64, -9.48(-0.66%),1440,1434.12, 1420.00-1444.33, 1008.87-1530.74,28.74,2639167
Alphabet Inc., GOOG,1431.72, -4.24(-0.30%),1444,1435.96, 1421.35-1447.80, 1013.54-1532.11,28.88,2648790
Altria Group  Inc., MO,40.69, -0.78(-1.88%),41.98,41.47, 40.56-41.98, 30.95-52.45, N/A,19985767
Amazon.com  Inc., AMZN,2675.01, +21.03(+0.79%),2678.08,2653.98, 2659.00-2697.43, 1626.03-2722.35,127.77,5776963
Amcor plc, AMCR,10.31, +0.03(+0.29%),10.28,10.28, 10.03-10.34, 5.80-11.77,32.94,29770142
Ameren Corporation, AEE,69.8, -2.66(-3.67%),73.07,72.46, 69.74-73.30, 58.74-87.66,22.1,3733957
American Airlines Group Inc., AAL,16, -0.49(-2.97%),16.89,16.49, 15.41-16.94, 8.25-34.99, N/A,92320184
American Electric Power Company  Inc., AEP,79.71, -2.06(-2.52%),82.62,81.77, 79.66-82.62, 65.14-104.97,21.42,5687993
American Express Company, AXP,100.94, -1.22(-1.19%),104.23,102.16, 99.32-104.23, 67.00-138.13,15.22,6824509
American International Group  Inc., AIG,31.81, -0.66(-2.03%),33.36,32.47, 31.67-33.36, 16.07-58.66,6.42,6620012
American Tower Corporation, AMT,265.6, +8.00(+3.11%),261.51,257.6, 256.42-265.87, 174.32-269.25,62.06,6189433
American Water Works Company  Inc., AWK,126.36, -2.81(-2.18%),131.06,129.17, 126.36-131.13, 92.00-141.70,36.21,1754303
Ameriprise Financial  Inc., AMP,148.35, -2.18(-1.45%),153.87,150.53, 146.76-153.97, 80.01-180.85,5.58,1956551
AmerisourceBergen Corporation, ABC,102.15, +1.90(+1.90%),101.74,100.25, 101.04-103.37, 72.06-103.37,13.47,1735890
AMETEK  Inc., AME,88.53, -0.67(-0.75%),91.05,89.2, 88.06-91.10, 54.82-102.31,21.69,1856284
Amgen Inc., AMGN,238.7, +8.38(+3.64%),233.38,230.32, 231.31-239.00, 173.12-244.99,18.69,5319517
Amphenol Corporation, APH,97.03, -0.93(-0.95%),100.92,97.96, 96.87-100.92, 63.05-110.24,26.43,2400969
Analog Devices  Inc., ADI,120.18, -2.63(-2.14%),124.39,122.81, 120.09-124.38, 79.08-127.39,40.18,4495695
ANSYS  Inc., ANSS,281.59, -7.77(-2.69%),292.94,289.36, 281.36-295.11, 186.81-299.06,59.18,1235673
Anthem  Inc., ANTM,266.43, +0.90(+0.34%),270.27,265.53, 266.33-272.65, 171.03-312.48,14.43,1820204
Aon Plc, AON,186.79, -4.20(-2.20%),193.9,190.99, 186.21-194.02, 143.93-238.19,27.07,2778316
A. O. Smith Corporation, AOS,47.29, -0.64(-1.34%),48.62,47.93, 46.81-48.80, 33.81-52.70,23.48,1366393
Apache Corporation, APA,13.98, -0.24(-1.69%),14.91,14.22, 13.82-14.99, 3.80-33.77, N/A,19446863
Apartment Investment and Management Company, AIV,38.15, -0.82(-2.10%),39.54,38.97, 38.11-39.89, 24.53-55.68,28.36,3561902
Apple Inc., AAPL,349.72, -2.01(-0.57%),354.64,351.73, 345.17-356.56, 192.58-356.56,27.48,66118952
Applied Materials  Inc., AMAT,60.95, +0.57(+0.94%),61.4,60.38, 60.41-62.32, 36.64-69.44,19.44,10086928
Aptiv PLC, APTV,77.73, +1.12(+1.46%),78.39,76.61, 77.32-80.79, 29.22-99.04,8.58,3713923
Archer-Daniels-Midland Company, ADM,40.24, -0.34(-0.84%),41.25,40.58, 40.19-41.67, 28.92-47.20,14.79,5022039
Arista Networks  Inc., ANET,218.01, -1.44(-0.66%),223,219.45, 213.77-223.28, 156.63-289.45,22.04,1190325
Arthur J. Gallagher & Co., AJG,94.74, -4.43(-4.47%),100.91,99.17, 94.74-101.00, 65.09-109.46,26.59,2928978
Assurant  Inc., AIZ,106.28, -0.75(-0.70%),109.62,107.03, 105.48-109.62, 76.27-142.61,18.6,882694
AT&T Inc., T,30.31, -0.04(-0.13%),30.06,30.35, 29.98-30.75, 26.08-39.70,15.39,74947371
Atmos Energy Corporation, ATO,99.72, -1.73(-1.71%),102.97,101.45, 99.48-103.31, 77.92-121.08,21.6,2060097
Autodesk  Inc., ADSK,237.82, -0.25(-0.11%),242.11,238.07, 235.49-242.98, 125.38-243.76,174.35,1841825
Automatic Data Processing  Inc., ADP,149, -2.73(-1.80%),154.33,151.73, 148.63-154.99, 103.11-182.32,25.57,2095715
AutoZone  Inc., AZO,1130.6, -9.46(-0.83%),1159.37,1140.06, 1121.74-1159.37, 684.91-1274.41,17.66,313015
AvalonBay Communities  Inc., AVB,155.09, -5.22(-3.26%),163.7,160.31, 155.09-164.11, 118.17-229.40,27.72,3230148
Avery Dennison Corporation, AVY,114.52, -1.95(-1.67%),118.61,116.47, 114.51-118.61, 76.96-141.09,16.64,536527
Baker Hughes Company, BKR,15.49, -0.62(-3.85%),16.68,16.11, 15.38-16.68, 9.12-25.99, N/A,14871681
Ball Corporation, BLL,70.68, +0.21(+0.30%),71.66,70.47, 70.52-71.80, 51.26-82.82,50.63,3038235
Bank of America Corporation, BAC,25.25, +0.21(+0.84%),25.44,25.04, 24.49-25.49, 17.95-35.72,10.26,124871719
The Bank of New York Mellon Corporation, BK,39.23, +0.60(+1.55%),39.35,38.63, 38.30-39.40, 26.40-51.60,8.47,13302718
Baxter International Inc., BAX,84.49, +0.64(+0.76%),85,83.85, 84.03-85.29, 69.10-95.19,44.28,4406535
Becton  Dickinson and Company, BDX,237.59, +1.36(+0.58%),238.55,236.23, 235.14-239.37, 197.75-286.72,70.71,2392995
, BRK.B, , , N/A, N/A, N/A-N/A, undefined-undefined, N/A, N/A
Best Buy Co.  Inc., BBY,81.2, -1.10(-1.34%),83.84,82.3, 80.53-83.86, 48.11-91.99,15.02,4938670
Biogen Inc., BIIB,271, +10.70(+4.11%),261.75,260.3, 259.80-271.99, 215.78-374.99,8.36,5788356
BlackRock  Inc., BLK,555.37, -1.40(-0.25%),566.98,556.77, 546.85-566.98, 323.98-576.81,20.58,1875016
The Boeing Company, BA,187.02, -5.27(-2.74%),197.9,192.29, 184.57-197.96, 89.00-391.00, N/A,67101899
Booking Holdings Inc., BKNG,1626.91, -1.44(-0.09%),1654,1628.35, 1601.67-1657.49, 1107.29-2094.00,20.3,754183
BorgWarner Inc., BWA,34.24, +0.99(+2.98%),34.1,33.25, 33.38-34.59, 17.00-46.60,9.86,5361694
Boston Properties  Inc., BXP,90.76, -4.07(-4.29%),96.83,94.83, 90.65-97.57, 71.57-147.83,15.45,3869570
Boston Scientific Corporation, BSX,36.59, -0.09(-0.25%),37.32,36.68, 36.48-37.35, 24.10-46.62,12.04,20382184
Bristol-Myers Squibb Company, BMY,56.41, +0.44(+0.79%),56.7,55.97, 54.73-56.83, 42.48-68.34,109.96,54100479
Broadcom Inc., AVGO,302.77, -12.69(-4.02%),317.68,315.46, 302.77-318.10, 155.67-331.58,54.36,5846464
Broadridge Financial Solutions  Inc., BR,123.33, -2.61(-2.07%),127.84,125.94, 123.27-128.03, 81.90-136.99,34.74,970140
, BF.B, , , N/A, N/A, N/A, N/A, N/A, N/A
C.H. Robinson Worldwide  Inc., CHRW,77.75, -0.11(-0.14%),78.82,77.86, 77.18-78.82, 56.94-91.23,21.59,2567722
Cabot Oil & Gas Corporation, COG,18.69, -0.08(-0.43%),19.12,18.77, 18.41-19.12, 13.06-24.12,16.39,11747225
Cadence Design Systems  Inc., CDNS,91.9, -1.83(-1.95%),94.98,93.73, 91.90-95.21, 51.39-95.21,25.95,2731731
Campbell Soup Company, CPB,49.14, +0.09(+0.18%),49.33,49.05, 48.92-49.86, 39.24-57.54,9.74,2022537
Capital One Financial Corporation, COF,68.07, -1.91(-2.73%),71.68,69.98, 67.31-71.68, 38.00-107.59,13.11,5739024
Cardinal Health  Inc., CAH,53.81, +0.70(+1.32%),54.14,53.11, 53.32-54.78, 39.05-60.69, N/A,4668916
CarMax  Inc., KMX,91.87, -6.04(-6.17%),98.45,97.91, 89.68-98.96, 37.59-103.18,17.24,6492906
Carnival Corporation & Plc, CCL,17.83, -0.99(-5.26%),19.3,18.82, 17.49-19.35, 7.80-51.94,6.55,54777945
Carrier Global Corporation, CARR,21.45, +0.20(+0.94%),21.76,21.25, 21.00-21.85, 11.50-24.40, N/A,14450103
Caterpillar Inc., CAT,127.46, -0.13(-0.10%),130,127.59, 125.73-130.00, 87.50-150.55,13.47,6484637
Cboe Global Markets  Inc., CBOE,98.75, -1.50(-1.50%),102.48,100.25, 98.82-102.37, 72.01-127.93,21.68,804186
CBRE Group  Inc., CBRE,46.74, -0.74(-1.56%),48.19,47.48, 45.99-48.26, 29.17-64.75,12.3,2309114
CDW Corporation, CDW,116.95, -0.29(-0.25%),117.86,117.24, 116.34-121.00, 73.39-146.09,22.78,1323851
Celanese Corporation, CE,86.72, -1.42(-1.61%),90.08,88.14, 85.36-90.45, 52.70-128.88,14.49,1698290
Centene Corporation, CNC,64.22, +0.27(+0.42%),65.01,63.95, 63.72-65.36, 41.62-74.70,34.51,5901213
CenterPoint Energy  Inc., CNP,17.79, -0.56(-3.05%),18.65,18.35, 17.78-18.65, 11.58-30.71, N/A,21466216
CenturyLink  Inc., CTL,10.15, 0.00(0.00%),10.33,10.15, 9.98-10.34, 8.16-15.30,9.01,25693263
Cerner Corporation, CERN,73.18, +3.46(+4.96%),70.63,69.72, 69.53-73.18, 53.08-80.90,45.57,5757596
CF Industries Holdings  Inc., CF,29.89, -0.10(-0.33%),30.73,29.99, 29.63-30.73, 19.73-55.15,13.92,2899226
The Charles Schwab Corporation, SCHW,36.67, -0.21(-0.57%),37.66,36.88, 35.76-37.66, 28.00-51.65,14.32,14795554
Charter Communications  Inc., CHTR,536.67, +1.56(+0.29%),540,535.11, 524.51-540.88, 345.67-549.00,65.24,1483037
Chevron Corporation, CVX,90.63, -1.31(-1.42%),94.41,91.94, 90.55-94.41, 51.60-127.00,44.1,14834433
Chipotle Mexican Grill  Inc., CMG,1010.83, -19.17(-1.86%),1040,1030, 1010.83-1042.10, 415.00-1087.00,84.58,427652
Chubb Limited, CB,127.95, -1.70(-1.31%),132.31,129.65, 127.46-132.31, 87.35-167.74,15.95,2464467
Church & Dwight Co.  Inc., CHD,77.52, -0.30(-0.39%),78.87,77.82, 77.39-79.09, 47.98-80.99,29.15,2861916
Cigna Corporation, CI,191.4, +1.42(+0.75%),194.08,189.98, 190.75-196.85, 118.50-224.64,14.69,2253018
Cincinnati Financial Corporation, CINF,63.17, +0.04(+0.06%),63,63.13, 61.93-64.49, 46.07-118.19,135.56,5003002
Cintas Corporation, CTAS,270.16, -5.65(-2.05%),280.67,275.81, 269.43-282.54, 154.33-304.81,30.65,973306
Cisco Systems  Inc., CSCO,45.32, -0.51(-1.11%),46.26,45.83, 45.05-46.51, 32.40-58.26,17.97,36103238
Citigroup Inc., C,52.92, -0.12(-0.23%),54.06,53.04, 51.56-54.09, 32.00-83.11,7.28,46274462
Citizens Financial Group  Inc., CFG,25.35, -0.80(-3.06%),26.76,26.15, 25.02-26.76, 14.12-41.29,8.59,15949947
Citrix Systems  Inc., CTXS,144.6, -2.13(-1.45%),148,146.73, 144.52-148.75, 90.28-155.10,25.38,1784835
The Clorox Company, CLX,217.64, +3.05(+1.42%),218.17,214.59, 215.85-219.38, 144.12-219.38,31.93,3068124
CME Group Inc., CME,175.52, -0.80(-0.45%),178.69,176.32, 174.30-179.85, 131.80-225.36,26.35,2472766
CMS Energy Corporation, CMS,57.93, -1.10(-1.86%),59.88,59.03, 57.93-59.88, 46.03-69.17,23.26,3714164
The Coca-Cola Company, KO,46.02, -0.97(-2.06%),47.77,46.99, 46.02-47.79, 36.27-60.13,19.84,30426035
Cognizant Technology Solutions Corporation, CTSH,54.16, -0.73(-1.33%),56,54.89, 53.92-56.01, 40.01-71.48,16.96,4740614
Colgate-Palmolive Company, CL,73.36, -0.25(-0.34%),74.7,73.61, 73.34-75.39, 58.49-77.41,25.04,5826191
Comcast Corporation, CMCSA,39.1, -0.34(-0.86%),39.85,39.44, 38.87-40.46, 31.71-47.74,15.52,32540390
Comerica Incorporated, CMA,39.44, -0.62(-1.55%),41.12,40.06, 38.62-41.12, 24.28-74.11,7.34,5711124
Conagra Brands  Inc., CAG,33.55, -0.69(-2.02%),34.54,34.24, 33.55-34.87, 22.83-35.59,21.3,7288639
Concho Resources Inc., CXO,55.5, -1.49(-2.61%),58.12,56.99, 55.39-58.18, 33.13-107.69, N/A,3510344
ConocoPhillips, COP,43.7, -0.75(-1.69%),45.9,44.45, 43.38-45.90, 20.84-67.13,13.37,12350208
Consolidated Edison  Inc., ED,71.44, -3.43(-4.58%),75.92,74.87, 71.44-75.92, 62.03-95.10,18.33,4591365
Constellation Brands  Inc., STZ,181.41, -2.84(-1.54%),187.65,184.25, 181.22-189.37, 104.28-212.00, N/A,2634921
The Cooper Companies  Inc., COO,299.12, -2.78(-0.92%),306.64,301.9, 297.94-309.01, 236.68-365.68,43.54,623450
Copart  Inc., CPRT,84.41, -2.02(-2.34%),86.9,86.43, 84.13-88.70, 55.69-104.88,29.31,2458887
Corning Incorporated, GLW,26.7, -0.65(-2.38%),28,27.35, 26.63-28.00, 17.44-34.26,76.95,11584530
Corteva  Inc., CTVA,27.13, -0.35(-1.27%),27.99,27.48, 26.73-27.99, 20.38-32.78, N/A,6686364
Costco Wholesale Corporation, COST,299.9, +0.33(+0.11%),300.18,299.57, 298.64-301.90, 261.67-325.26,35.88,3207094
Coty Inc., COTY,4.72, +0.0200(+0.43%),4.78,4.7, 4.6300-4.9550, 3.0200-13.5400, N/A,21560203
Crown Castle International Corp., CCI,170.45, +5.20(+3.15%),167.36,165.25, 165.32-170.79, 114.18-176.85,96.3,5199116
CSX Corporation, CSX,67.99, -1.48(-2.13%),70.4,69.47, 67.75-70.43, 46.81-80.62,16.38,4777752
Cummins Inc., CMI,174.29, +3.06(+1.79%),174.15,171.23, 169.85-174.81, 101.03-186.73,12.74,2542062
CVS Health Corporation, CVS,64.49, 0.00(0.00%),65.91,64.49, 64.11-66.00, 52.04-77.03,11.68,21230290
D.R. Horton  Inc., DHI,56.06, -1.25(-2.18%),58.64,57.31, 55.69-58.69, 25.51-62.54,11.05,5474202
Danaher Corporation, DHR,172.95, -3.05(-1.73%),178.18,176, 172.95-178.73, 119.60-178.73,39.2,5522458
Darden Restaurants  Inc., DRI,70.27, -3.86(-5.21%),75.51,74.13, 70.06-75.69, 26.15-128.41,13.71,6749440
DaVita Inc., DVA,79.55, +1.42(+1.82%),79.38,78.13, 78.64-80.45, 50.68-90.15,12.72,2071793
Deere & Company, DE,154.87, 0.00(0.00%),158.75,154.87, 153.54-158.86, 106.14-181.99,17.57,1913607
Delta Air Lines  Inc., DAL,29.51, -1.28(-4.16%),31.51,30.79, 29.02-31.52, 17.51-63.44,5.43,47240550
DENTSPLY SIRONA Inc., XRAY,43.62, -0.55(-1.25%),44.92,44.17, 43.48-45.23, 31.58-60.87,115.7,2458578
Devon Energy Corporation, DVN,12.94, -0.01(-0.08%),13.42,12.95, 12.73-13.66, 4.70-29.36, N/A,13509894
DexCom  Inc., DXCM,409.36, +7.45(+1.85%),405.15,401.91, 403.12-412.25, 138.28-428.59,257.3,1697697
Diamondback Energy  Inc., FANG,46.73, +0.14(+0.30%),47.68,46.59, 45.69-48.20, 14.55-111.84, N/A,5432524
Digital Realty Trust  Inc., DLR,139.85, -3.31(-2.31%),145.45,143.16, 138.70-145.45, 105.00-158.36,49.89,5822922
Discover Financial Services, DFS,53.73, -0.10(-0.19%),55.4,53.83, 52.57-55.40, 23.25-92.98,7.97,8385577
Discovery  Inc., DISCA,22.15, -0.37(-1.64%),22.34,22.52, 22.05-22.96, 17.12-33.66,8.82,5102845
Discovery  Inc., DISCK,20.14, -0.19(-0.93%),20.74,20.33, 19.87-20.74, 15.43-31.20,8.02,6928818
DISH Network Corporation, DISH,35.45, -1.44(-3.90%),37.52,36.89, 35.42-37.56, 17.09-44.66,17.28,5190630
Dollar General Corporation, DG,188.78, -2.54(-1.33%),193.08,191.32, 188.17-193.72, 125.00-194.84,24.48,2860806
Dollar Tree  Inc., DLTR,88.8, -1.89(-2.08%),91.12,90.69, 88.51-91.94, 60.20-119.71,26.21,2866831
Dominion Energy  Inc., D,81.72, -2.81(-3.32%),85.66,84.53, 81.72-85.79, 57.79-90.89,39.19,10702134
Domino's Pizza  Inc., DPZ,378.41, +2.86(+0.76%),380.81,375.55, 373.59-381.00, 220.90-394.99,36.36,898622
Dover Corporation, DOV,94.9, -2.45(-2.52%),99.15,97.35, 94.87-99.15, 62.95-120.26,18.61,1813064
Dow Inc., DOW,41.65, +0.07(+0.17%),42.63,41.58, 41.47-43.00, 21.95-56.25, N/A,7492529
DTE Energy Company, DTE,103.76, -3.97(-3.69%),110.18,107.73, 103.50-110.18, 71.21-135.67,17.61,3197052
Duke Energy Corporation, DUK,82.11, -3.66(-4.27%),86.74,85.77, 82.11-86.93, 62.13-103.79,16.24,8071885
Duke Realty Corporation, DRE,35.6, -0.97(-2.65%),37.11,36.57, 35.60-37.11, 25.19-38.88,32.3,7399511
DuPont de Nemours  Inc., DD,52.6, +0.02(+0.04%),54.18,52.58, 52.32-54.83, 28.33-77.03, N/A,8772215
DXC Technology Company, DXC,15.43, -0.23(-1.47%),16.01,15.66, 15.41-16.42, 7.90-57.23, N/A,6023660
E*TRADE Financial Corporation, ETFC,48.43, -0.60(-1.22%),50.07,49.03, 48.13-50.07, 25.76-57.30,13.91,3809434
Eastman Chemical Company, EMN,69.49, -0.95(-1.35%),71.91,70.44, 68.87-72.07, 34.44-83.99,11.83,2538686
Eaton Corporation plc, ETN,89.34, +1.81(+2.07%),89.48,87.53, 86.80-89.48, 56.42-105.78,17.53,6551142
eBay Inc., EBAY,48.29, -0.15(-0.31%),48.73,48.44, 47.42-48.95, 26.02-51.88,8.44,36555733
Ecolab Inc., ECL,199.75, -5.49(-2.67%),209.44,205.24, 199.41-209.94, 124.60-231.36,37.76,2447432
Edison International, EIX,55.66, -3.18(-5.40%),59.82,58.84, 55.66-60.05, 43.63-78.93,16.39,9386800
Edwards Lifesciences Corporation, EW,70.24, +0.26(+0.37%),70.97,69.98, 69.67-71.10, 51.51-82.55,40.37,3800152
Electronic Arts Inc., EA,130.19, +0.84(+0.65%),131.13,129.35, 127.95-131.24, 85.69-131.24,12.64,4236546
Emerson Electric Co., EMR,61.98, +0.59(+0.96%),62.58,61.39, 60.47-62.58, 37.75-78.38,17.68,8266802
Entergy Corporation, ETR,94.52, -2.98(-3.06%),99.06,97.5, 94.21-99.06, 75.19-135.55,17.02,3986995
EOG Resources  Inc., EOG,52.3, -0.63(-1.19%),55.44,52.93, 52.27-55.49, 27.00-95.29,14.4,7923804
Equifax Inc., EFX,167.9, -2.94(-1.72%),172.84,170.84, 167.32-173.27, 103.01-180.07,75.49,934505
Equinix  Inc., EQIX,711.43, +14.92(+2.14%),713.42,696.51, 688.56-714.00, 477.87-718.33,120.03,1364389
Equity Residential, EQR,59.58, -1.76(-2.87%),62.26,61.34, 59.56-62.52, 49.62-89.55,18.97,6948453
Essex Property Trust  Inc., ESS,233.78, -9.15(-3.77%),247.8,242.93, 233.40-247.80, 175.81-334.17,24.3,1489554
The Estee Lauder Companies Inc., EL,190.3, -5.85(-2.98%),199.9,196.15, 190.12-199.90, 137.01-220.42,53.7,2417292
Evergy  Inc., EVRG,59.35, -1.21(-2.00%),61.5,60.56, 59.33-61.81, 42.01-76.57,21.62,5319810
Eversource Energy, ES,82.89, -1.83(-2.16%),85.85,84.72, 82.70-85.85, 60.69-99.42,28.95,5657110
Everest Re Group  Ltd., RE,215.73, +0.23(+0.11%),220.28,215.5, 212.40-220.28, 157.32-294.31,13.12,615467
Exelon Corporation, EXC,37.53, -0.67(-1.75%),38.51,38.2, 37.44-38.81, 29.28-50.57,14,13309390
Expedia Group  Inc., EXPE,82.06, -2.34(-2.77%),85.69,84.4, 81.80-86.26, 40.76-144.00, N/A,3838003
Expeditors International of Washington  Inc., EXPD,73.55, -0.07(-0.10%),74.48,73.62, 72.42-74.74, 52.55-81.64,22.27,2104081
Extra Space Storage Inc., EXR,92.97, -2.55(-2.67%),96.9,95.52, 92.73-96.90, 72.70-124.46,27.98,2960240
Exxon Mobil Corporation, XOM,45.98, -0.94(-2.00%),48.22,46.92, 45.98-48.26, 30.11-77.93,17.25,48884077
F5 Networks  Inc., FFIV,136.65, -1.93(-1.39%),140.21,138.58, 134.46-141.20, 79.78-153.99,24.36,1064629
Facebook  Inc., FB,238.79, +2.85(+1.21%),237.79,235.94, 235.55-240.83, 137.10-241.21,32.76,30081291
Fastenal Company, FAST,41.58, -0.41(-0.96%),42.41,41.99, 41.29-42.64, 26.72-43.20,29.92,3986004
Federal Realty Investment Trust, FRT,84.75, -2.35(-2.70%),88.01,87.1, 84.50-88.31, 64.11-141.35,18.74,2026704
FedEx Corporation, FDX,137.63, -0.76(-0.55%),140.76,138.39, 135.62-140.88, 88.69-178.50, N/A,2826547
Fidelity National Information Services  Inc., FIS,135, -4.95(-3.54%),142.28,139.95, 135.00-142.80, 91.68-158.21,434.08,6303868
Fifth Third Bancorp, FITB,20.79, -0.80(-3.71%),22.06,21.59, 20.76-22.11, 11.10-31.64,9.09,28925086
FirstEnergy Corp., FE,38.98, -1.53(-3.78%),41.1,40.51, 38.96-41.10, 32.00-52.52,31.51,8508605
First Republic Bank, FRC,110.86, +0.08(+0.07%),112.76,110.78, 108.74-112.76, 70.06-125.12,21.57,2335188
Fiserv  Inc., FISV,100.05, -3.98(-3.83%),105.34,104.03, 99.96-105.34, 73.50-125.05,55.99,6744589
FLEETCOR Technologies  Inc., FLT,264.32, +2.99(+1.14%),253.86,261.33, 261.85-267.57, 168.51-329.85,27.27,1448102
FLIR Systems  Inc., FLIR,39.96, -0.27(-0.67%),40.88,40.23, 39.58-41.03, 23.85-59.44,43.39,2740997
Flowserve Corporation, FLS,27.72, -0.15(-0.54%),27.68,27.87, 27.35-28.58, 18.98-53.98,18.63,1722526
FMC Corporation, FMC,100.46, +1.47(+1.48%),99.93,98.99, 99.05-101.63, 56.77-108.77,28.17,1211861
Ford Motor Company, F,6.23, -0.10(-1.58%),6.64,6.33, 6.23-6.69, 3.96-10.56, N/A,125977388
Fortinet  Inc., FTNT,136.71, +1.07(+0.79%),137.21,135.64, 133.46-138.37, 70.20-149.69,64.21,3516630
Fortive Corporation, FTV,67.85, -0.33(-0.48%),69.83,68.18, 67.79-69.89, 37.31-83.18,42.22,4704902
Fortune Brands Home & Security  Inc., FBHS,61.33, -1.22(-1.95%),63.83,62.55, 60.47-64.03, 33.90-73.28,18.98,1669459
Fox Corporation, FOXA,28.32, -0.68(-2.34%),30.15,29, 28.22-30.15, 19.81-39.74,13.18,7056977
Fox Corporation, FOX,27.82, -0.84(-2.93%),29.15,28.66, 27.82-29.49, 19.13-38.84,12.95,2216409
Franklin Resources  Inc., BEN,21.95, -0.61(-2.70%),23.07,22.56, 21.95-23.07, 14.91-35.77,11.22,13168372
Freeport-McMoRan Inc., FCX,10.5, -0.06(-0.57%),10.83,10.56, 10.40-10.93, 4.82-13.64, N/A,28454203
The Gap  Inc., GPS,10.66, -0.25(-2.29%),11.17,10.91, 10.39-11.25, 5.26-19.86, N/A,16325325
Garmin Ltd., GRMN,98.34, +3.16(+3.32%),96.74,95.18, 94.81-98.34, 61.04-105.58,19.33,1538552
Gartner  Inc., IT,120.03, -1.84(-1.51%),125.27,121.87, 119.13-125.27, 76.91-171.78,37.98,703690
General Dynamics Corporation, GD,157.62, -1.44(-0.91%),161.79,159.06, 156.52-161.79, 100.55-193.76,13.3,3178976
General Electric Company, GE,7.15, -0.13(-1.79%),7.42,7.28, 7.09-7.45, 5.48-13.26, N/A,88530311
General Mills  Inc., GIS,61.58, -0.18(-0.29%),62.36,61.76, 61.04-62.41, 46.59-64.31,17.71,13628518
General Motors Company, GM,26.59, -0.50(-1.85%),27.74,27.09, 26.33-27.83, 14.33-41.90,8.15,27868244
Genuine Parts Company, GPC,87.58, -0.66(-0.75%),89.95,88.24, 87.31-90.97, 49.68-108.58,21.41,2265967
Gilead Sciences  Inc., GILD,77.47, +3.43(+4.63%),74.52,74.04, 74.10-78.00, 60.89-85.97,19.88,19322728
Globe Life Inc., GL,76.2, -0.44(-0.57%),78.64,76.64, 74.60-78.64, 56.74-111.43,11.16,1010305
Global Payments Inc., GPN,176.08, -4.36(-2.42%),183.72,180.44, 176.00-184.25, 105.54-209.62,89.43,2011142
The Goldman Sachs Group  Inc., GS,201.63, -2.21(-1.08%),207.05,203.84, 200.97-207.42, 130.85-250.46,10.92,4831126
W.W. Grainger  Inc., GWW,303.01, -1.46(-0.48%),309.68,304.47, 299.99-309.68, 200.61-346.60,21.61,398095
H&R Block  Inc., HRB,15.73, -0.64(-3.91%),16.67,16.37, 15.43-16.75, 11.29-29.62, N/A,6827833
Halliburton Company, HAL,13.04, -0.15(-1.14%),13.78,13.19, 12.95-13.80, 4.25-25.47, N/A,29700906
Hanesbrands Inc., HBI,11.35, -0.46(-3.90%),12.02,11.81, 11.32-12.14, 6.96-17.69,8.07,12633464
Harley-Davidson  Inc., HOG,24.82, -0.05(-0.20%),25.54,24.87, 24.31-25.57, 14.31-40.89,10.65,17038117
The Hartford Financial Services Group  Inc., HIG,39.98, -1.23(-2.98%),40.48,41.21, 39.87-42.28, 19.04-62.75,8.52,9018090
Hasbro  Inc., HAS,71.34, -3.82(-5.08%),76.64,75.16, 71.34-76.64, 41.33-126.87,22.07,3181993
HCA Healthcare  Inc., HCA,97.53, -2.57(-2.57%),101.91,100.1, 97.43-103.35, 58.38-151.97,11.09,2687459
Healthpeak Properties  Inc., PEAK,26.32, -1.68(-6.00%),28.52,28, 26.32-28.52, 18.63-37.93, N/A,18288569
Henry Schein  Inc., HSIC,60.42, +1.05(+1.77%),60.24,59.37, 59.33-61.33, 41.85-73.99,12.45,2485407
The Hershey Company, HSY,129.45, -3.09(-2.33%),133.04,132.54, 129.40-133.65, 109.88-162.20,24.42,3297253
Hess Corporation, HES,51.24, -0.41(-0.79%),49.87,51.65, 51.24-53.55, 26.06-74.11, N/A,4852055
Hewlett Packard Enterprise Company, HPE,9.82, -0.32(-3.16%),10.34,10.14, 9.74-10.37, 7.43-17.59, N/A,26676621
Hilton Worldwide Holdings Inc., HLT,76.17, -1.99(-2.55%),79.23,78.16, 75.39-79.26, 44.30-115.48,29.5,4250494
HollyFrontier Corporation, HFC,32.24, -0.32(-0.98%),30.61,32.56, 32.02-33.66, 18.48-58.88,24.82,4273747
Hologic  Inc., HOLX,55.16, +2.09(+3.94%),53.9,53.07, 53.54-55.28, 26.49-55.28,32.76,6407502
The Home Depot  Inc., HD,246.65, -2.56(-1.03%),249.36,249.21, 246.38-254.30, 140.63-259.29,24.49,10321407
Honeywell International Inc., HON,145.37, -2.86(-1.93%),150.46,148.23, 144.73-150.84, 101.08-184.06,16.71,5261969
Hormel Foods Corporation, HRL,48.55, +0.40(+0.83%),48.78,48.15, 48.36-48.92, 39.01-51.53,28.56,3630312
Host Hotels & Resorts  Inc., HST,11.67, -0.53(-4.34%),12.36,12.2, 11.49-12.38, 7.86-18.90,11.53,22942446
Howmet Aerospace Inc., HWM,13.94, -0.64(-4.39%),15,14.58, 13.82-15.25, 9.87-31.99, N/A,8836778
HP Inc., HPQ,16.78, -0.14(-0.83%),17.24,16.92, 16.70-17.35, 12.54-23.93,8.22,29423690
Humana Inc., HUM,380.76, +1.69(+0.45%),385.05,379.07, 379.72-389.73, 208.25-412.70,19.5,956713
Huntington Bancshares Incorporated, HBAN,10.29, +0.12(+1.23%),10.32,10.16, 9.87-10.39, 6.82-15.63,10.46,26505155
Huntington Ingalls Industries  Inc., HII,178.66, -2.83(-1.56%),181.36,181.49, 176.87-185.11, 147.14-279.71,12.21,644547
IDEX Corporation, IEX,153.24, +0.13(+0.08%),156.23,153.11, 151.79-156.23, 104.56-178.14,28.12,545518
IDEXX Laboratories  Inc., IDXX,314.67, +1.65(+0.53%),315.5,313.02, 310.12-320.30, 168.65-324.30,62.81,766090
IHS Markit Ltd., INFO,72.03, +0.36(+0.50%),73.26,71.67, 72.01-73.97, 44.81-81.65,33.49,3889764
Illinois Tool Works Inc., ITW,170.88, +0.39(+0.23%),173.89,170.49, 169.42-174.37, 115.94-190.85,22.18,4289372
Illumina  Inc., ILMN,368.77, +5.85(+1.61%),365.47,362.92, 363.00-372.43, 196.78-380.76,58.14,1523037
Incyte Corporation, INCY,105.4, +8.04(+8.26%),98.34,97.36, 97.83-106.26, 62.48-106.26, N/A,3435895
Ingersoll Rand Inc., IR,28.81, -0.57(-1.94%),29.83,29.38, 28.79-29.85, 17.01-38.96,87.04,6945781
Intel Corporation, INTC,59.62, -0.46(-0.77%),60.65,60.08, 59.10-60.89, 43.63-69.29,11.56,60324579
Intercontinental Exchange  Inc., ICE,94.52, +0.13(+0.14%),95.73,94.39, 93.49-95.76, 63.51-101.93,25.29,4008049
International Business Machines Corporation, IBM,122.47, -1.69(-1.36%),126.17,124.16, 122.25-126.82, 90.56-158.75,12.13,8091059
International Paper Company, IP,34.86, -0.22(-0.63%),35.78,35.08, 34.67-35.88, 26.38-47.64,20.94,8923360
The Interpublic Group of Companies  Inc., IPG,17.06, -0.49(-2.79%),17.96,17.55, 16.84-17.96, 11.63-25.20,10.02,10739696
International Flavors & Fragrances Inc., IFF,126.09, -2.44(-1.90%),130.86,128.53, 125.91-131.62, 92.14-148.10,30.09,1266420
Intuit Inc., INTU,286.32, -0.91(-0.32%),289.53,287.23, 285.27-291.99, 187.68-306.89,56.47,2293566
Intuitive Surgical  Inc., ISRG,587.53, +1.99(+0.34%),591.71,585.54, 579.68-595.34, 360.50-619.00,50.65,1156107
Invesco Ltd., IVZ,11.09, -0.24(-2.12%),11.55,11.33, 10.91-11.56, 6.38-21.10,10.74,18399492
IPG Photonics Corporation, IPGP,162.24, -0.28(-0.17%),166.69,162.52, 161.99-168.41, 98.04-170.03,53.9,288436
IQVIA Holdings Inc., IQV,136.08, -2.04(-1.48%),141.17,138.12, 136.06-141.31, 81.79-169.14,125.19,2449904
Iron Mountain Incorporated, IRM,26.34, -0.64(-2.37%),27.47,26.98, 26.14-27.49, 21.00-34.49,25.09,10126015
Jack Henry & Associates  Inc., JKHY,181.29, +1.48(+0.82%),182.51,179.81, 178.76-182.97, 123.64-195.03,47.05,931828
Jacobs Engineering Group Inc., J,85.58, +0.44(+0.52%),84.76,85.14, 85.01-87.48, 59.29-104.00, N/A,2291113
J.B. Hunt Transport Services  Inc., JBHT,117.6, -1.70(-1.42%),121.25,119.3, 116.48-121.25, 75.29-122.39,25.22,1031206
The J. M. Smucker Company, SJM,108.94, +0.35(+0.32%),109.68,108.59, 108.60-110.58, 91.88-125.62,15.93,1361825
Johnson & Johnson, JNJ,143.83, +0.42(+0.29%),145.79,143.41, 143.25-145.88, 109.16-157.00,22.45,12192993
Johnson Controls International plc, JCI,34.32, -0.13(-0.38%),35.01,34.45, 33.77-35.15, 22.78-44.82,5.3,10514368
JPMorgan Chase & Co., JPM,97.81, -1.13(-1.14%),100.53,98.94, 96.73-100.60, 76.91-141.10,10.99,37290643
Juniper Networks  Inc., JNPR,23.27, -0.52(-2.19%),24.11,23.79, 23.10-24.15, 15.20-27.57,24.01,5784830
Kansas City Southern, KSU,144.27, -0.75(-0.52%),147.5,145.02, 142.45-147.50, 92.86-178.59,24.2,1923813
Kellogg Company, K,67.78, +0.03(+0.04%),68.2,67.75, 67.30-68.55, 52.66-71.05,22.66,6430473
KeyCorp, KEY,13.35, -0.23(-1.69%),13.9,13.58, 13.01-13.90, 7.45-20.53,9.79,22578725
Keysight Technologies  Inc., KEYS,106.44, +3.85(+3.75%),104.09,102.59, 101.60-106.71, 77.93-110.00,34.54,3772625
Kimberly-Clark Corporation, KMB,143.96, +1.55(+1.09%),144.54,142.41, 141.68-144.86, 110.66-149.23,21.02,5309686
Kimco Realty Corporation, KIM,12.72, -0.61(-4.58%),13.61,13.33, 12.70-13.66, 7.45-21.86,16.96,12155890
Kinder Morgan  Inc., KMI,15.52, -0.25(-1.59%),16.14,15.77, 15.51-16.14, 9.42-22.58,26.71,23912604
KLA Corporation, KLAC,193.1, -0.64(-0.33%),196.43,193.74, 192.10-197.50, 110.19-197.50,30.09,3007595
Kohl's Corporation, KSS,22.25, -1.11(-4.75%),23.82,23.36, 22.08-23.87, 10.89-59.28,39.95,11940445
The Kraft Heinz Company, KHC,33.48, +0.30(+0.90%),33.25,33.18, 33.07-33.70, 19.99-34.00,21.46,6031235
The Kroger Co., KR,32.24, +0.43(+1.35%),31.99,31.81, 31.23-32.30, 20.70-36.84,15.8,28964671
L Brands  Inc., LB,14.48, -1.14(-7.30%),15.9,15.62, 14.44-15.95, 8.00-28.02, N/A,10330522
L3Harris Technologies  Inc., LHX,182.24, -6.01(-3.19%),191.49,188.25, 182.01-191.49, 142.01-230.99,24.79,3343002
Laboratory Corporation of America Holdings, LH,162.35, -6.08(-3.61%),172.27,168.43, 162.35-172.27, 98.02-196.36,49.66,1782067
Lam Research Corporation, LRCX,315.25, +0.45(+0.14%),320.3,314.8, 313.54-325.11, 175.58-344.32,22.69,2445023
Lamb Weston Holdings  Inc., LW,66.2, -1.59(-2.35%),68.9,67.79, 66.19-69.31, 39.06-96.32,20.31,1354983
Las Vegas Sands Corp., LVS,47.19, -1.01(-2.10%),49.09,48.2, 47.05-49.15, 33.30-74.29,17.15,8848927
Leggett & Platt  Incorporated, LEG,33.92, -0.69(-1.99%),35.32,34.61, 33.36-35.55, 22.03-55.42,14.39,2881912
Leidos Holdings  Inc., LDOS,96.7, -2.63(-2.65%),101.42,99.33, 96.53-101.42, 68.00-125.84,23.54,1790659
Lennar Corporation, LEN,60.18, -1.72(-2.78%),63.38,61.9, 59.93-63.38, 25.42-71.38,9.06,5125025
Eli Lilly and Company, LLY,159.94, -1.13(-0.70%),162.23,161.07, 158.26-162.48, 101.36-167.43,26.5,5971624
Lincoln National Corporation, LNC,39.6, -1.03(-2.54%),41.94,40.63, 38.96-41.94, 16.11-67.17,11.94,3612379
Linde plc, LIN,208.05, -0.11(-0.05%),211.72,208.16, 205.26-211.75, 146.71-227.85,48.13,4633620
Live Nation Entertainment  Inc., LYV,46.51, -1.81(-3.75%),49.28,48.32, 45.87-49.82, 21.70-76.60, N/A,4038531
LKQ Corporation, LKQ,25.93, -0.05(-0.19%),26.54,25.98, 25.82-26.92, 13.31-36.63,13.58,2789466
Lockheed Martin Corporation, LMT,372.2, -6.19(-1.64%),383.34,378.39, 372.00-383.59, 266.11-442.53,16.89,4317913
Loews Corporation, L,34.73, +0.85(+2.51%),34.63,33.88, 33.89-34.85, 27.33-56.88, N/A,4920173
Lowe's Companies  Inc., LOW,133.83, -0.72(-0.54%),137.29,134.55, 132.35-137.29, 60.00-137.29,22.55,6078598
LyondellBasell Industries N.V., LYB,66.54, -0.40(-0.60%),68.5,66.94, 65.93-69.02, 33.71-98.91,8.44,3684231
M&T Bank Corporation, MTB,111.05, +0.60(+0.54%),112.33,110.45, 107.56-112.65, 85.09-174.93,8.98,2915290
Marathon Oil Corporation, MRO,6.36, -0.13(-2.00%),6.7,6.49, 6.27-6.70, 3.02-14.70,19.81,40852876
Marathon Petroleum Corporation, MPC,38.19, -0.28(-0.73%),41.76,38.47, 38.19-41.80, 15.26-69.65, N/A,25966364
MarketAxess Holdings Inc., MKTX,520.28, +19.42(+3.88%),511.31,500.86, 501.39-523.07, 275.50-526.98,87.13,461100
Marriott International  Inc., MAR,89.68, -3.07(-3.31%),93.9,92.75, 88.68-94.13, 46.56-153.39,31.96,4880572
Marsh & McLennan Companies  Inc., MMC,103.58, -4.84(-4.46%),109.9,108.42, 103.55-109.90, 74.33-119.88,29.69,5036295
Martin Marietta Materials  Inc., MLM,211.02, -0.99(-0.47%),214.79,212.01, 209.82-217.80, 135.08-281.82,22.26,581314
Masco Corporation, MAS,48.49, +0.23(+0.48%),49.25,48.26, 47.47-49.25, 27.04-50.06,10.23,6869528
Mastercard Incorporated, MA,296.5, -8.35(-2.74%),309.5,304.85, 296.50-309.50, 199.99-347.25,37.89,4331372
McCormick & Company  Incorporated, MKC,172.2, -1.68(-0.97%),175.54,173.88, 172.09-176.09, 112.23-180.38,33.06,870635
Maxim Integrated Products  Inc., MXIM,60.45, -0.11(-0.18%),61.41,60.56, 59.99-61.48, 41.93-65.73,20.26,4330409
McDonald's Corporation, MCD,186.56, -2.93(-1.55%),192.29,189.49, 186.53-192.36, 124.23-221.93,24.42,6263006
McKesson Corporation, MCK,156.7, +3.28(+2.14%),156.16,153.42, 154.77-158.44, 112.60-172.18,31.61,1498483
Medtronic plc, MDT,93.91, -0.52(-0.55%),96.04,94.43, 93.34-96.38, 72.13-122.15,26.53,7060085
Merck & Co.  Inc., MRK,77.9, +1.68(+2.20%),77.13,76.22, 75.81-77.98, 65.25-92.64,19.75,16854179
MetLife  Inc., MET,37.32, -0.79(-2.07%),39.06,38.11, 37.16-39.07, 22.85-53.28,3.98,15850449
Mettler-Toledo International Inc., MTD,795.24, +12.50(+1.60%),794,782.74, 778.55-796.13, 579.40-873.51,35.93,237733
MGM Resorts International, MGM,18.21, -0.37(-1.99%),19.03,18.58, 17.83-19.09, 5.90-34.64,3.33,27553244
Microchip Technology Incorporated, MCHP,103.45, -0.84(-0.81%),106.89,104.29, 103.37-107.58, 53.15-113.28,46.39,4607093
Micron Technology  Inc., MU,50.83, +0.35(+0.69%),51.16,50.48, 50.78-52.75, 31.13-61.19,25.16,28081459
Microsoft Corporation, MSFT,195.15, -1.17(-0.60%),198.59,196.32, 194.37-199.29, 130.78-199.29,32.51,44441141
Mid-America Apartment Communities  Inc., MAA,114.68, -2.41(-2.06%),118.73,117.09, 114.64-119.47, 82.00-148.88,40.55,2247841
Mohawk Industries  Inc., MHK,93.07, +7.04(+6.48%),96.97,94.89, 92.96-96.97, 56.62-156.60,1.87,1056545
Molson Coors Beverage Company, TAP,38.03, -1.05(-2.69%),38.26,39.08, 37.92-39.90, 34.01-61.94, N/A,3809930
Mondelez International  Inc., MDLZ,52.56, -0.53(-1.00%),53.7,53.09, 52.40-53.78, 41.19-59.96,20.68,8190268
Monster Beverage Corporation, MNST,70.08, +0.37(+0.53%),70.69,69.71, 69.43-70.95, 50.06-73.43,33.86,3724506
Moody's Corporation, MCO,275.23, +0.34(+0.12%),279.82,274.89, 272.83-281.80, 164.19-287.25,34.17,705677
Morgan Stanley, MS,46.93, -0.65(-1.37%),48.46,47.58, 46.71-48.68, 27.20-57.57,9.75,19670173
The Mosaic Company, MOS,12.9, -0.19(-1.45%),13.48,13.09, 12.79-13.51, 6.50-25.71, N/A,6301352
Motorola Solutions  Inc., MSI,138.88, -2.49(-1.76%),142.2,141.37, 138.48-142.85, 120.77-187.49,26.67,2973060
MSCI Inc., MSCI,333.46, +3.39(+1.03%),335.99,330.07, 329.59-336.77, 206.82-356.66,53.45,903011
Mylan  Inc., MYL,16.16, -0.17(-1.04%),16.62,16.33, 15.99-16.77, 12.75-23.11,134.67,9330503
Nasdaq  Inc., NDAQ,118.83, -0.46(-0.39%),120.28,119.29, 118.41-122.05, 71.66-122.15,27.19,983823
National Oilwell Varco  Inc., NOV,11.74, -0.53(-4.32%),12.74,12.27, 11.73-12.79, 8.00-25.81, N/A,9143253
NetApp  Inc., NTAP,44.08, +1.29(+3.01%),43.17,42.79, 42.08-44.08, 34.66-65.38,12.52,5152037
Netflix  Inc., NFLX,453.72, +3.85(+0.86%),449.12,449.87, 445.60-453.97, 252.28-458.97,91.83,5933651
Newell Brands Inc., NWL,15.87, +0.42(+2.72%),15.64,15.45, 15.28-15.89, 10.44-20.99, N/A,9764280
Newmont Corporation, NEM,56.92, +1.39(+2.50%),56.51,55.53, 55.77-57.40, 33.00-69.13,12.92,19064124
News Corporation, NWSA,11.86, -0.07(-0.59%),11.95,11.93, 11.78-12.20, 7.90-15.07, N/A,2965644
News Corporation, NWS,11.88, -0.10(-0.88%),12.17,11.98, 11.75-12.24, 7.88-15.36, N/A,1562725
NextEra Energy  Inc., NEE,242.21, -6.72(-2.70%),251.5,248.93, 242.21-251.64, 174.80-283.35,33.66,3608716
Nielsen Holdings plc, NLSN,14.74, -0.35(-2.32%),15.42,15.09, 14.73-15.50, 11.62-24.69, N/A,6217403
NIKE  Inc., NKE,95.78, -2.67(-2.71%),99.97,98.45, 95.78-99.98, 60.00-105.62,35.36,10301220
NiSource Inc., NI,22.97, -0.76(-3.20%),24.16,23.73, 22.94-24.16, 19.56-30.67,47.66,5728310
Noble Energy  Inc., NBL,10, -0.23(-2.25%),10.62,10.23, 9.96-10.74, 2.73-27.31, N/A,17886990
Nordstrom  Inc., JWN,17.07, -1.15(-6.31%),18.64,18.22, 16.89-18.72, 12.27-43.37, N/A,21360533
Norfolk Southern Corporation, NSC,170.26, -4.12(-2.36%),176.37,174.38, 169.06-176.78, 112.62-219.88,18.46,2472887
Northern Trust Corporation, NTRS,82.66, +0.04(+0.05%),83.36,82.62, 80.81-83.50, 60.67-110.48,12.33,3809524
Northrop Grumman Corporation, NOC,312.66, -5.17(-1.63%),322,317.83, 312.38-322.57, 263.31-385.01,23.53,1235159
NortonLifeLock Inc., NLOK,20.81, +0.75(+3.74%),20.21,20.06, 19.81-20.81, 15.12-28.70, N/A,15632564
Norwegian Cruise Line Holdings Ltd., NCLH,18.22, -1.09(-5.64%),19.89,19.31, 17.72-19.98, 7.03-59.78, N/A,78742418
NRG Energy  Inc., NRG,34.08, +0.45(+1.34%),34.19,33.63, 33.44-34.29, 19.54-41.78,2.14,4532772
Nucor Corporation, NUE,42.7, -0.82(-1.88%),44.24,43.52, 42.36-44.37, 27.53-58.70,16.56,2600871
NVIDIA Corporation, NVDA,370.45, +1.73(+0.47%),369.7,368.72, 369.09-377.80, 147.39-380.00,69.26,12505509
NVR  Inc., NVR,3298.28, -62.69(-1.87%),3435,3360.97, 3255.70-3435.00, 2043.01-4071.13,15.09,30965
O'Reilly Automotive  Inc., ORLY,422.18, -3.76(-0.88%),430.63,425.94, 418.96-430.73, 251.52-454.31,23.69,860491
Occidental Petroleum Corporation, OXY,19.71, +0.04(+0.20%),20.7,19.67, 19.67-20.96, 9.00-54.05, N/A,70209979
Old Dominion Freight Line  Inc., ODFL,168.21, +3.53(+2.14%),167.28,164.68, 161.96-168.65, 93.34-171.77,32.86,1702504
Omnicom Group Inc., OMC,53.33, -2.09(-3.77%),56.57,55.42, 53.33-56.97, 46.37-85.05,8.76,9254743
ONEOK  Inc., OKE,35.17, -1.18(-3.25%),37.58,36.35, 35.08-37.91, 12.16-78.48,18.32,14393813
Oracle Corporation, ORCL,54.4, +0.71(+1.32%),54.21,53.69, 52.98-54.46, 39.71-60.50,17.66,33019109
Otis Worldwide Corporation, OTIS,57, -0.49(-0.85%),58.96,57.49, 55.95-58.96, 38.00-61.46, N/A,7095873
PACCAR Inc, PCAR,74.96, +0.49(+0.66%),75.39,74.47, 73.88-75.69, 49.11-83.41,12.31,1978679
Packaging Corporation of America, PKG,99.75, +2.13(+2.18%),98.81,97.62, 97.02-99.75, 71.05-114.78,14.54,3272429
Parker-Hannifin Corporation, PH,182.94, -2.38(-1.28%),189.43,185.32, 181.44-189.67, 93.00-215.94,17.92,1287122
Paychex  Inc., PAYX,73.97, -1.56(-2.07%),76.53,75.53, 73.45-77.17, 47.87-90.54,24.09,3220326
Paycom Software  Inc., PAYC,318.16, +1.86(+0.59%),320.65,316.3, 314.42-324.31, 163.42-342.00,94.66,680117
PayPal Holdings  Inc., PYPL,164.36, -3.69(-2.20%),170.6,168.05, 164.35-171.12, 82.07-171.12,103.96,11332668
Pentair plc, PNR,38, +0.08(+0.21%),38.71,37.92, 37.52-38.96, 22.01-47.43,17.07,1665782
People's United Financial  Inc., PBCT,11.97, 0.00(0.00%),12.18,11.97, 11.58-12.18, 9.37-17.22,9.44,4353103
PepsiCo  Inc., PEP,131.28, -1.50(-1.13%),134.41,132.78, 131.22-134.82, 101.42-147.20,25.42,8296892
PerkinElmer  Inc., PKI,98.36, +0.37(+0.38%),99.15,97.99, 97.85-99.43, 62.91-105.70,48.74,962320
Perrigo Company plc, PRGO,54.87, +0.30(+0.55%),55.51,54.57, 54.47-55.98, 40.01-63.86,39.96,1517211
Pfizer Inc., PFE,33.42, +0.18(+0.54%),33.69,33.24, 33.12-33.74, 27.88-44.56,11.94,41668326
Philip Morris International Inc., PM,72.2, -1.23(-1.68%),73.91,73.43, 72.12-74.34, 56.01-90.17,14.7,9169815
Phillips 66, PSX,74.7, -1.54(-2.02%),78,76.24, 74.61-78.41, 40.04-119.92,90.33,6813629
Pinnacle West Capital Corporation, PNW,73.5, -3.15(-4.11%),77.55,76.65, 73.43-77.76, 60.05-105.51,15.06,2726812
Pioneer Natural Resources Company, PXD,93.58, -0.96(-1.02%),96.78,94.54, 92.92-97.35, 48.62-159.01,22.47,3275708
The PNC Financial Services Group  Inc., PNC,108.23, -2.50(-2.26%),112.34,110.73, 107.12-113.12, 79.41-161.79,10.06,6734650
PPG Industries  Inc., PPG,103.72, -0.70(-0.67%),107.36,104.42, 102.88-107.61, 69.77-134.36,21.03,1808438
PPL Corporation, PPL,26, -0.88(-3.27%),27.4,26.88, 26.00-27.41, 18.12-36.83,10.59,12876310
Principal Financial Group  Inc., PFG,42.17, -0.08(-0.19%),43.52,42.25, 41.11-43.59, 23.31-60.81,9.43,3326720
The Procter & Gamble Company, PG,118.92, -0.36(-0.30%),120.49,119.28, 118.83-121.82, 94.34-128.09,64.07,17489587
The Progressive Corporation, PGR,80.99, +0.12(+0.15%),83.16,80.87, 79.89-83.16, 62.18-84.96,13.36,4509582
Prologis  Inc., PLD,91.87, -3.22(-3.39%),96.68,95.09, 91.65-96.68, 59.82-99.79,35.11,12151460
Prudential Financial  Inc., PRU,63.09, -0.95(-1.48%),65.8,64.04, 62.50-65.80, 38.62-103.56,8.68,7696724
Public Service Enterprise Group Incorporated, PEG,48.71, -1.66(-3.30%),51.08,50.37, 48.71-51.12, 34.75-63.88,17.21,4503661
Public Storage, PSA,190.59, -5.68(-2.89%),198.81,196.27, 190.46-198.81, 155.37-266.76,25.93,3648604
PulteGroup  Inc., PHM,34.67, -0.94(-2.64%),36.5,35.61, 34.46-36.50, 17.12-47.37,9.09,4037561
PVH Corp., PVH,46.85, -2.87(-5.77%),50.53,49.72, 46.82-50.81, 28.40-108.06, N/A,2920454
Qorvo  Inc., QRVO,111.8, +0.55(+0.49%),113,111.25, 110.56-113.88, 63.40-122.36,39.93,1963607
Quanta Services  Inc., PWR,38.71, +0.35(+0.91%),39.11,38.36, 38.25-39.28, 23.77-44.09,17.81,1991124
QUALCOMM Incorporated, QCOM,88.81, -1.11(-1.23%),89.87,89.92, 87.54-90.25, 58.00-96.17,26.07,16178223
Quest Diagnostics Incorporated, DGX,108.27, -2.82(-2.54%),112.68,111.09, 108.24-112.68, 73.02-125.00,18.63,2271229
Ralph Lauren Corporation, RL,71.39, -2.55(-3.45%),75.46,73.94, 71.06-75.85, 59.82-128.29,14.34,1385860
Raymond James Financial  Inc., RJF,73.66, +1.42(+1.97%),73.84,72.24, 71.14-73.84, 54.21-102.45,10.91,1896893
Raytheon Technologies Corporation, RTX,64.89, -1.99(-2.98%),68.36,66.88, 64.47-68.36, 43.44-99.71, N/A,19126458
Realty Income Corporation, O,61.53, -1.86(-2.93%),63.81,63.39, 60.89-64.20, 38.00-84.92,42.29,14647251
Regency Centers Corporation, REG,44.63, -1.82(-3.91%),46.52,46.45, 44.60-47.90, 31.80-70.13,60.48,3034071
Regeneron Pharmaceuticals  Inc., REGN,643.92, +46.57(+7.80%),602.31,597.35, 598.71-646.33, 271.37-646.33,32.34,2668586
Regions Financial Corporation, RF,12, -0.36(-2.91%),12.65,12.36, 11.92-12.65, 6.94-17.54,9.41,40201136
Republic Services  Inc., RSG,79.94, -2.58(-3.13%),83.61,82.52, 79.71-83.77, 65.37-100.91,23.64,3517742
ResMed Inc., RMD,172.72, -1.02(-0.59%),176.43,173.74, 172.12-177.00, 108.85-177.99,49.03,1081291
Robert Half International Inc., RHI,51.1, -0.58(-1.12%),52.51,51.68, 50.19-52.51, 32.38-63.97,13.58,2607344
Rockwell Automation  Inc., ROK,209.13, -0.54(-0.26%),213.97,209.67, 207.17-214.63, 115.38-230.71,34.41,1837621
Rollins  Inc., ROL,41.85, -0.51(-1.20%),42.9,42.36, 41.59-43.07, 30.72-46.95,68.61,1200114
Roper Technologies  Inc., ROP,390.56, -11.57(-2.88%),406.86,402.13, 389.91-406.86, 240.00-410.41,25.09,1141809
Ross Stores  Inc., ROST,93.31, +0.93(+1.01%),95.14,92.38, 91.65-95.15, 56.30-124.16,35.74,5891123
Royal Caribbean Cruises Ltd., RCL,55.27, -4.08(-6.87%),60.96,59.35, 54.72-61.12, 19.25-135.32,62.88,24707776
S&P Global Inc., SPGI,323.73, -3.08(-0.94%),332.27,326.81, 321.28-333.00, 186.06-334.66,33.82,1774909
salesforce.com  inc., CRM,186.95, -0.71(-0.38%),189.5,187.66, 185.49-191.25, 115.29-195.72,1246.33,11836744
SBA Communications Corporation, SBAC,302.3, +13.01(+4.50%),292.01,289.29, 288.88-303.43, 205.20-323.02, N/A,1069002
Schlumberger Limited, SLB,19.71, -0.47(-2.33%),20.94,20.18, 19.44-20.96, 11.87-41.40, N/A,22245570
Seagate Technology plc, STX,52.05, +2.41(+4.85%),50.1,49.64, 49.71-52.05, 39.02-64.17,7.67,10593767
Sealed Air Corporation, SEE,31.66, +0.01(+0.03%),31.12,31.65, 31.37-32.28, 17.06-45.86,14.77,1983604
Sempra Energy, SRE,117.25, -7.31(-5.87%),125.96,124.56, 117.25-126.18, 88.00-161.87,14.16,6003482
ServiceNow  Inc., NOW,399.87, -1.16(-0.29%),406.25,401.03, 398.44-407.99, 213.99-407.99,119.15,2304674
The Sherwin-Williams Company, SHW,584.67, +2.97(+0.51%),591.67,581.7, 578.84-591.78, 325.43-603.36,33.72,704001
Simon Property Group  Inc., SPG,67.12, -3.84(-5.41%),72.5,70.96, 67.00-72.51, 42.25-165.48,10.39,12659787
Skyworks Solutions  Inc., SWKS,127.35, -1.75(-1.36%),132.84,129.1, 126.51-132.84, 67.90-138.22,27.62,3667783
SL Green Realty Corp., SLG,51.87, -1.66(-3.10%),54.52,53.53, 51.30-54.82, 35.16-96.39,12.86,4369903
Snap-on Incorporated, SNA,135.89, +0.28(+0.21%),138.51,135.61, 134.32-138.51, 90.72-172.61,11.57,1001966
The Southern Company, SO,53.61, -2.50(-4.46%),56.89,56.11, 53.61-57.10, 41.96-71.10,16.1,10409958
Southwest Airlines Co., LUV,34.55, -1.30(-3.63%),36.57,35.85, 33.95-36.61, 22.47-58.83,10.05,20454009
Stanley Black & Decker  Inc., SWK,133.92, -2.84(-2.08%),140,136.76, 133.92-140.37, 70.00-173.67,21.98,2361524
Starbucks Corporation, SBUX,75.4, -0.91(-1.19%),77.03,76.31, 74.89-77.38, 50.02-99.72,26.75,11276845
State Street Corporation, STT,65.4, +2.00(+3.15%),64.58,63.4, 62.46-65.40, 42.10-85.89,11.24,5464253
STERIS plc, STE,152.24, -1.12(-0.73%),155.91,153.36, 152.07-156.14, 105.69-168.98,31.98,852062
Stryker Corporation, SYK,187.11, -2.91(-1.53%),193.59,190.02, 187.06-194.00, 124.54-226.30,32.88,2115048
SVB Financial Group, SIVB,221.84, +1.26(+0.57%),225.2,220.58, 216.62-225.20, 127.39-270.95,11.77,818743
Synchrony Financial, SYF,23.77, -0.48(-1.98%),24.88,24.25, 23.36-24.91, 12.15-38.18,5.29,13553696
Synopsys  Inc., SNPS,184.45, -5.43(-2.86%),192.38,189.88, 184.40-193.00, 104.90-193.36,60.06,1785196
Sysco Corporation, SYY,54.26, -1.67(-2.99%),56.89,55.93, 54.15-56.93, 26.00-85.98,20.44,5944865
T-Mobile US  Inc., TMUS,106.9, +0.51(+0.48%),107.34,106.39, 106.39-109.00, 63.50-109.00,26.32,9268315
T. Rowe Price Group  Inc., TROW,128.61, +3.03(+2.41%),126.29,125.58, 124.04-128.92, 82.51-139.82,16.03,1540495
Take-Two Interactive Software  Inc., TTWO,142.61, +1.36(+0.96%),142.32,141.25, 139.46-142.95, 100.00-149.28,40.29,2895152
Tapestry  Inc., TPR,13.53, -0.45(-3.22%),14.59,13.98, 13.52-14.69, 10.18-32.44, N/A,9326283
Target Corporation, TGT,120.56, +3.26(+2.78%),120.2,117.3, 119.23-122.93, 80.03-130.24,22.32,12604910
TE Connectivity Ltd., TEL,80.7, -0.63(-0.77%),82.76,81.33, 80.07-82.82, 48.62-101.00,38.69,2110023
TechnipFMC plc, FTI,7.56, -0.27(-3.45%),8.16,7.83, 7.53-8.17, 4.49-28.57, N/A,9973693
Teleflex Incorporated, TFX,368.39, +2.82(+0.77%),371.89,365.57, 366.58-375.18, 221.27-398.65,31.48,345528
Texas Instruments Incorporated, TXN,124.89, -1.10(-0.87%),128.06,125.98, 124.65-128.18, 93.09-135.70,23.93,9077233
Textron Inc., TXT,34.51, -0.50(-1.43%),35.87,35.01, 33.92-35.96, 20.26-54.24,11.63,4112749
Thermo Fisher Scientific Inc., TMO,352.73, +5.29(+1.52%),354.48,347.44, 348.16-355.00, 250.21-356.42,38.67,2326174
Tiffany & Co., TIF,120.88, +0.56(+0.47%),121.52,120.32, 120.20-121.52, 78.60-134.42,41.78,2313577
The TJX Companies  Inc., TJX,52.64, -0.81(-1.52%),55,53.45, 52.63-55.21, 32.72-64.95,38.03,13536594
Tractor Supply Company, TSCO,127.67, +2.03(+1.62%),127.57,125.64, 123.89-127.92, 63.89-128.38,26.82,2303644
Trane Technologies plc, TT,89.29, -0.78(-0.87%),92.08,90.07, 89.12-92.16, 70.00-146.85, N/A,2381138
TransDigm Group Incorporated, TDG,463, -2.75(-0.59%),453.44,465.75, 460.20-477.57, 200.06-673.51,31.21,958711
The Travelers Companies  Inc., TRV,116.56, +0.51(+0.44%),117.75,116.05, 115.25-117.75, 76.99-155.09,12.6,4755230
Truist Financial Corporation, TFC,39.34, -1.16(-2.86%),41.45,40.5, 39.19-41.45, 24.01-56.92, N/A,13506764
Twitter  Inc., TWTR,33.41, -0.62(-1.82%),34.64,34.03, 33.40-34.94, 20.00-45.86,20.74,19338308
Tyson Foods  Inc., TSN,63.22, -0.80(-1.25%),64.83,64.02, 62.83-64.83, 42.57-94.24,11.77,3890708
UDR  Inc., UDR,37.76, -0.17(-0.45%),38.31,37.93, 37.75-38.51, 29.20-51.25,68.16,7406445
Ulta Beauty  Inc., ULTA,212.19, -6.78(-3.10%),227.62,218.97, 208.51-229.24, 124.05-368.83,28.02,2438460
U.S. Bancorp, USB,38.87, +0.30(+0.78%),39.36,38.57, 37.90-39.36, 28.36-61.11,10.01,42476943
Under Armour  Inc., UAA,9.51, -0.27(-2.76%),10.03,9.78, 9.36-10.03, 7.15-27.72, N/A,8671495
Under Armour  Inc., UA,8.6, -0.21(-2.38%),9.09,8.81, 8.44-9.09, 6.37-24.55, N/A,13238580
Union Pacific Corporation, UNP,167.85, -3.00(-1.76%),173.53,170.85, 166.80-173.53, 105.08-188.96,19.51,6757166
United Airlines Holdings  Inc., UAL,36.84, -2.50(-6.35%),39.94,39.34, 35.76-40.26, 17.80-96.03,9.28,95802073
UnitedHealth Group Incorporated, UNH,291.24, +1.01(+0.35%),294.43,290.23, 290.91-296.52, 187.72-315.84,20.38,5168011
United Parcel Service  Inc., UPS,107.77, +0.19(+0.18%),108.31,107.58, 106.37-109.04, 82.00-125.31,21.82,9014585
United Rentals  Inc., URI,155.51, +1.70(+1.11%),157.6,153.81, 152.40-158.47, 58.85-170.04,10.12,1828297
Universal Health Services  Inc., UHS,96.7, -1.07(-1.09%),99.79,97.77, 95.84-101.87, 65.20-157.79,11.79,1444038
Unum Group, UNM,16.48, -0.66(-3.85%),17.6,17.14, 16.47-17.72, 9.58-35.09,3.48,11458859
V.F. Corporation, VFC,63.29, -0.21(-0.33%),64.89,63.5, 62.19-65.02, 45.07-100.25,37.32,7129828
Valero Energy Corporation, VLO,63.16, -1.47(-2.27%),66.02,64.63, 63.02-66.86, 31.00-101.99,61.38,7914198
Varian Medical Systems  Inc., VAR,119.47, 0.00(0.00%),121.97,119.47, 118.66-122.88, 89.62-150.06,47.43,900118
Ventas  Inc., VTR,35.8, -3.55(-9.02%),39,39.35, 35.56-39.69, 13.35-75.40,17.15,15136452
VeriSign  Inc., VRSN,205.26, -1.97(-0.95%),209.05,207.23, 204.18-210.57, 148.77-221.78,30.91,1259477
Verisk Analytics  Inc., VRSK,164.18, -2.67(-1.60%),167.18,166.85, 164.10-169.78, 116.61-173.77,56.07,1483429
Verizon Communications Inc., VZ,56.16, -0.73(-1.28%),57.35,56.89, 56.00-57.47, 48.84-62.22,12.68,28840788
Vertex Pharmaceuticals Incorporated, VRTX,293.27, +14.08(+5.04%),280.3,279.19, 280.30-295.46, 165.23-295.55,50.76,3708123
ViacomCBS Inc., VIAC,23.69, -0.81(-3.31%),24.91,24.5, 23.55-25.19, 10.10-53.71, N/A,35548782
Visa Inc., V,192.2, -1.71(-0.88%),196.89,193.91, 191.37-197.10, 133.93-214.17,34.59,10597606
Vornado Realty Trust, VNO,39.15, -0.89(-2.22%),40.71,40.04, 38.63-40.72, 27.64-68.68,2.56,4168779
Vulcan Materials Company, VMC,120.05, -0.98(-0.81%),123.5,121.03, 119.80-123.50, 65.56-152.49,26.05,1203131
W. R. Berkley Corporation, WRB,58.66, +0.28(+0.48%),59.55,58.38, 57.70-59.55, 43.05-79.92,22.81,1858367
Wabtec Corporation, WAB,60.16, -0.99(-1.62%),62.41,61.15, 59.30-62.41, 35.07-81.75,26.55,1113046
Walmart Inc., WMT,119.85, +1.86(+1.58%),118.89,117.99, 117.75-120.30, 102.00-133.38,22.79,13339499
Walgreens Boots Alliance  Inc., WBA,44.13, +2.15(+5.12%),42.48,41.98, 42.20-44.50, 36.65-64.50,11.35,13638622
The Walt Disney Company, DIS,114.35, -4.02(-3.40%),119.98,118.37, 114.35-120.12, 79.07-153.41,38.51,23476846
Waste Management  Inc., WM,101.77, -2.87(-2.74%),106.27,104.64, 101.73-106.73, 85.34-126.79,25.76,3407071
Waters Corporation, WAT,190.37, -3.23(-1.67%),194.19,193.6, 187.80-195.00, 154.39-245.68,23.3,1931319
WEC Energy Group  Inc., WEC,88.07, -1.79(-1.99%),90.98,89.86, 87.89-90.98, 68.01-109.53,23.93,3827845
Wells Fargo & Company, WFC,27.6, +0.05(+0.18%),28,27.55, 27.01-28.05, 22.00-54.75,9.55,71860277
Welltower Inc., WELL,51, -4.81(-8.62%),56.9,55.81, 50.18-56.90, 24.27-93.17,16.54,11172865
West Pharmaceutical Services  Inc., WST,216.59, +3.94(+1.85%),215.92,212.65, 212.76-216.99, 120.11-221.96,62.42,1181482
Western Digital Corporation, WDC,44.39, +1.57(+3.67%),43.42,42.82, 43.21-45.02, 27.40-72.00, N/A,14270585
The Western Union Company, WU,21.61, -0.07(-0.32%),22.08,21.68, 21.40-22.15, 17.39-28.45,8.64,11555261
WestRock Company, WRK,28.32, -0.03(-0.11%),29.04,28.35, 28.05-29.04, 21.50-44.39,8.64,4968179
Weyerhaeuser Company, WY,22.7, +0.29(+1.29%),22.78,22.41, 22.24-23.12, 13.10-31.58,46.61,16738914
Whirlpool Corporation, WHR,127.09, +0.46(+0.36%),129.45,126.63, 124.86-129.58, 64.00-163.64,9.38,1390261
The Williams Companies  Inc., WMB,19.22, -0.23(-1.18%),19.91,19.45, 19.17-19.93, 8.41-29.06,177.96,15218015
Willis Towers Watson Public Limited Company, WLTW,188.85, -7.27(-3.71%),197.73,196.12, 188.44-199.60, 143.34-220.97,23.14,1141461
Wynn Resorts  Limited, WYNN,86.79, -1.58(-1.79%),90.35,88.37, 86.04-90.96, 35.84-153.41, N/A,4161662
Xcel Energy Inc., XEL,64.01, -0.50(-0.78%),64.6,64.51, 63.70-65.36, 46.58-72.14,24.72,5162800
Xerox Holdings Corporation, XRX,16.31, -0.25(-1.51%),16.93,16.56, 16.20-16.95, 14.22-39.47,3.06,4113185
Xilinx  Inc., XLNX,95.48, +2.01(+2.15%),94.78,93.47, 92.41-95.48, 67.68-133.00,30.7,6354362
Xylem Inc., XYL,65.29, -1.12(-1.69%),67.72,66.41, 65.25-67.96, 54.62-89.34,32.81,2080385
Yum! Brands  Inc., YUM,88.26, -1.87(-2.07%),91.48,90.13, 87.90-91.92, 54.95-119.72,24.57,4124240
Zebra Technologies Corporation, ZBRA,264.41, +2.18(+0.83%),268.08,262.23, 253.47-268.08, 150.06-278.60,27.82,816686
Zimmer Biomet Holdings  Inc., ZBH,126.22, -1.22(-0.96%),129.78,127.44, 125.71-130.63, 74.37-161.11,69.5,1558564
Zions Bancorporation  National Association, ZION,36.08, -0.05(-0.14%),36.89,36.13, 35.09-36.89, 23.58-52.48,11.26,6586946
Zoetis Inc., ZTS,137.4, 0.00(0.00%),140.05,137.4, 136.43-140.10, 90.14-146.26,41.14,2310278